,Season,Player Name,Team,Games,W,L,OTL,GAA,GA,SA,SV,SV%,SO,MIN
0,2014,Carey Price,MON,66,44,16,6,2.0,130,1953,1823,0.9329999999999999,9,3977
1,2014,Pekka Rinne,NSH,64,41,17,6,2.2,140,1807,1667,0.9229999999999999,4,3851
2,2014,Braden Holtby,WAS,73,41,20,10,2.2,157,2044,1887,0.9229999999999999,9,4247
3,2014,Ben Bishop,DAL,62,40,13,5,2.3,136,1620,1484,0.9159999999999999,4,3519
4,2014,Jaroslav Halak,BOS,59,38,17,4,2.4,144,1673,1529,0.914,6,3550
5,2014,Devan Dubnyk,MIN,58,36,14,4,2.1,115,1625,1510,0.929,6,3328
6,2014,Jonathan Quick,LA,72,36,22,13,2.3,156,1896,1740,0.9179999999999999,6,4184
7,2014,Frederik Andersen,TOR,54,35,12,5,2.4,123,1436,1313,0.914,3,3106
8,2014,Kari Lehtonen,FA,65,34,17,10,3.0,181,1875,1694,0.903,5,3698
9,2014,Tuukka Rask,BOS,70,34,21,13,2.3,156,2011,1855,0.922,3,4063
10,2014,Marc-Andre Fleury,VGK,64,34,20,9,2.3,146,1831,1685,0.92,10,3776
11,2014,Corey Crawford,CHI,57,32,20,5,2.3,126,1661,1535,0.924,2,3333
12,2014,Antti Niemi,FA,61,31,23,7,2.6,155,1811,1656,0.914,5,3588
13,2014,Sergei Bobrovsky,FLA,51,30,17,3,2.7,134,1632,1498,0.9179999999999999,2,2994
14,2014,Henrik Lundqvist,NYR,46,30,13,3,2.3,103,1329,1226,0.922,5,2743
15,2014,Ryan Miller,ANH,45,29,15,1,2.5,107,1198,1091,0.9109999999999999,6,2542
16,2014,Semyon Varlamov,NYI,57,28,20,8,2.6,141,1791,1650,0.9209999999999999,5,3307
17,2014,Roberto Luongo,FA,61,28,19,12,2.4,138,1743,1605,0.9209999999999999,2,3528
18,2014,Brian Elliott,PHI,46,26,14,3,2.3,96,1150,1054,0.917,5,2546
19,2014,Jonas Hiller,FA,52,26,19,4,2.4,113,1376,1263,0.9179999999999999,1,2871
20,2014,Cory Schneider,NJ,69,26,31,9,2.3,148,1982,1834,0.925,5,3924
21,2014,Jimmy Howard,DET,53,23,13,11,2.5,121,1350,1229,0.91,2,2971
22,2014,Jake Allen,STL,37,22,7,4,2.3,79,909,830,0.9129999999999999,4,2077
23,2014,Ondrej Pavelec,FA,50,22,16,8,2.3,108,1353,1245,0.92,5,2838
24,2014,Cam Ward,FA,51,22,24,5,2.4,121,1351,1230,0.91,1,3026
25,2014,Cam Talbot,CGY,36,21,9,4,2.2,77,1038,961,0.9259999999999999,5,2095
26,2014,Jonathan Bernier,DET,58,21,28,7,2.9,152,1735,1583,0.912,2,3177
27,2014,Michael Hutchinson,COL,38,21,10,5,2.4,85,986,901,0.914,2,2138
28,2014,Andrew Hammond,BUF,24,20,1,2,1.8,42,707,665,0.941,3,1411
29,2014,Jhonas Enroth,FA,50,18,26,2,3.1,145,1504,1359,0.904,2,2834
30,2014,Steve Mason,FA,51,18,18,11,2.3,108,1490,1382,0.9279999999999999,3,2885
31,2014,Eddie Lack,FA,41,18,13,4,2.5,95,1201,1106,0.9209999999999999,2,2324
32,2014,Petr Mrazek,CAR,29,16,9,2,2.4,63,768,705,0.9179999999999999,3,1585
33,2014,Karri Ramo,FA,34,15,9,3,2.6,75,852,777,0.912,2,1732
34,2014,Ben Scrivens,FA,57,15,26,11,3.2,170,1542,1372,0.89,1,3228
35,2014,Darcy Kuemper,ARI,31,14,12,2,2.6,68,718,650,0.905,3,1569
36,2014,Craig Anderson,OTT,35,14,13,8,2.5,87,1134,1047,0.9229999999999999,3,2093
37,2014,Mike Smith,EDM,62,14,42,5,3.2,187,1955,1768,0.904,0,3556
38,2014,John Gibson,ANH,23,13,8,0,2.6,58,674,616,0.914,1,1340
39,2014,Curtis McElhinney,TB,32,12,14,2,2.9,82,949,867,0.914,0,1710
40,2014,Ray Emery,FA,31,10,11,7,3.1,80,758,678,0.894,0,1570
41,2014,James Reimer,CAR,35,9,16,1,3.2,93,1001,908,0.907,0,1767
42,2014,Robin Lehner,VGK,25,9,12,3,3.0,74,779,705,0.905,0,1471
43,2014,Thomas Greiss,NYI,20,9,6,3,2.6,50,546,496,0.9079999999999999,0,1159
44,2014,Scott Darling,FA,14,9,4,0,2.0,27,419,392,0.9359999999999999,1,833
45,2014,Anton Khudobin,DAL,34,8,17,6,2.7,87,874,787,0.9,1,1920
46,2014,Chad Johnson,FA,19,8,8,1,3.1,54,488,434,0.889,0,1053
47,2014,Alex Stalock,MIN,22,8,9,2,2.6,54,553,499,0.902,2,1237
48,2014,Michal Neuvirth,FA,32,7,20,4,3.0,92,1067,975,0.914,0,1850
49,2014,Niklas Svedberg,FA,18,7,5,1,2.4,35,425,390,0.9179999999999999,2,900
50,2014,Andrei Vasilevskiy,TB,16,7,5,1,2.4,34,415,381,0.9179999999999999,1,864
51,2014,Antti Raanta,ARI,14,7,4,1,1.9,25,389,364,0.9359999999999999,2,792
52,2014,Anders Lindback,FA,26,6,16,2,3.1,73,798,725,0.909,0,1408
53,2014,Al Montoya,FA,20,6,7,2,3.0,49,453,404,0.892,0,977
54,2014,Viktor Fasth,FA,26,6,15,3,3.4,76,681,605,0.888,0,1336
55,2014,Keith Kinkaid,MON,19,6,5,4,2.6,40,469,429,0.915,0,925
56,2014,Calvin Pickard,DET,16,6,7,3,2.4,35,511,476,0.932,0,895
57,2014,Dustin Tokarski,PIT,17,6,6,4,2.8,46,509,463,0.91,0,1005
58,2014,Carter Hutton,BUF,18,6,7,4,2.6,44,450,406,0.902,1,1010
59,2014,Rob Zepp,FA,10,5,2,0,2.9,25,223,198,0.888,0,519
60,2014,Niklas Backstrom,FA,19,5,7,3,3.1,51,452,401,0.887,0,1005
61,2014,Reto Berra,FA,19,5,4,1,2.7,33,403,370,0.9179999999999999,1,748
62,2014,Martin Jones,SJ,15,4,5,2,2.3,29,307,278,0.9059999999999999,3,775
63,2014,Dan Ellis,FA,8,4,3,1,2.4,19,221,202,0.914,1,486
64,2014,Joni Ortio,FA,6,4,2,0,2.5,14,153,139,0.9079999999999999,1,333
65,2014,Martin Brodeur,FA,7,3,3,0,2.9,17,169,152,0.899,1,356
66,2014,Jonas Gustavsson,FA,7,3,3,1,2.6,15,168,153,0.9109999999999999,1,351
67,2014,Justin Peters,FA,12,3,6,1,3.3,35,294,259,0.8809999999999999,0,647
68,2014,Richard Bachman,VAN,7,3,2,0,2.9,15,168,153,0.9109999999999999,1,317
69,2014,Evgeni Nabokov,FA,11,3,6,2,3.2,29,245,216,0.882,0,553
70,2014,Mackenzie Skapski,FA,2,2,0,0,0.5,1,45,44,0.978,1,119
71,2014,Jason LaBarbera,FA,5,2,0,1,2.6,9,99,90,0.909,0,207
72,2014,Ilya Bryzgalov,FA,8,1,4,1,4.2,23,150,127,0.847,0,329
73,2014,Philipp Grubauer,COL,1,1,0,0,1.8,2,25,23,0.92,0,65
74,2014,Troy Grosenick,NSH,2,1,1,0,1.5,3,58,55,0.948,1,118
75,2014,Jacob Markstrom,VAN,3,1,1,0,3.2,4,33,29,0.879,0,78
76,2014,Louis Domingue,VAN,7,1,2,1,2.8,14,158,144,0.9109999999999999,0,308
77,2014,Tom McCollum,NYR,2,1,0,0,0.9,1,25,24,0.96,0,66
78,2014,Scott Clemmensen,FA,3,0,0,1,4.8,8,54,46,0.852,0,102
79,2014,Chris Driedger,FLA,1,0,0,0,0.0,0,10,10,1.0,0,23
80,2014,Andrey Makarov,FA,1,0,1,0,3.0,3,36,33,0.917,0,60
81,2014,Matt Hackett,FA,5,0,4,1,4.4,18,155,137,0.884,0,250
82,2014,Jussi Rynnas,FA,2,0,1,0,4.6,7,44,37,0.841,0,92
83,2014,Malcolm Subban,CHI,1,0,1,0,5.8,3,6,3,0.5,0,31
84,2014,Daniil Tarasov,CLS,5,0,0,0,0.0,0,0,0,0.0,0,38
85,2014,John Curry,FA,2,0,0,1,4.2,5,25,20,0.8,0,72
86,2014,Jeff Zatkoff,FA,1,0,1,0,1.7,1,17,16,0.941,0,37
87,2014,Kevin Poulin,FA,1,0,0,1,2.8,3,26,23,0.885,0,65
88,2014,Tyler Bunz,FA,1,0,0,0,9.0,3,12,9,0.75,0,20
89,2014,Laurent Brossoit,WPG,1,0,1,0,2.0,2,51,49,0.961,0,60
90,2014,Marek Mazanec,FA,2,0,1,0,2.3,4,47,43,0.915,0,106
91,2014,Anton Forsberg,CAR,5,0,4,0,4.7,20,149,129,0.866,0,256
92,2014,Mike McKenna,FA,1,0,1,0,5.0,5,34,29,0.853,0,60
93,2019,Andrei Vasilevskiy,TB,52,35,14,3,2.6,133,1605,1472,0.917,3,3122
94,2019,Connor Hellebuyck,WPG,58,31,21,5,2.6,140,1796,1656,0.922,6,3269
95,2019,Jordan Binnington,STL,50,30,13,7,2.6,126,1430,1304,0.912,3,2948
96,2019,Frederik Andersen,TOR,52,29,13,7,2.9,143,1577,1434,0.909,3,3007
97,2019,Carey Price,MON,58,27,25,6,2.8,160,1755,1595,0.909,4,3440
98,2019,Marc-Andre Fleury,VGK,49,27,16,5,2.8,133,1399,1266,0.905,5,2880
99,2019,Tuukka Rask,BOS,41,26,8,6,2.1,85,1189,1104,0.929,5,2402
100,2019,Braden Holtby,WAS,48,25,14,6,3.1,142,1385,1243,0.897,0,2743
101,2019,David Rittich,CGY,49,24,17,6,3.0,138,1484,1346,0.907,2,2811
102,2019,Carter Hart,PHI,43,24,13,3,2.4,95,1100,1005,0.914,1,2356
103,2019,Sergei Bobrovsky,FLA,50,23,19,6,3.2,151,1505,1354,0.9,1,2806
104,2019,Jacob Markstrom,VAN,43,23,16,4,2.8,117,1420,1303,0.9179999999999999,2,2552
105,2019,MacKenzie Blackwood,NJ,47,22,14,8,2.8,124,1452,1328,0.915,3,2684
106,2019,Pavel Francouz,COL,34,21,7,4,2.4,77,996,919,0.9229999999999999,1,1914
107,2019,Ben Bishop,DAL,44,21,16,4,2.5,103,1286,1183,0.92,2,2474
108,2019,Petr Mrazek,CAR,40,21,16,2,2.7,104,1091,987,0.905,3,2321
109,2019,Matt Murray,PIT,38,20,11,5,2.9,107,1055,948,0.899,1,2238
110,2019,Alex Stalock,MIN,38,20,11,4,2.7,97,1082,985,0.91,4,2177
111,2019,John Gibson,ANH,51,20,26,5,3.0,149,1552,1403,0.904,1,2981
112,2019,Tristan Jarry,PIT,33,20,12,1,2.4,78,985,907,0.9209999999999999,3,1926
113,2019,Semyon Varlamov,NYI,45,19,14,6,2.6,110,1278,1168,0.914,2,2517
114,2019,Joonas Korpisalo,CLS,37,19,12,5,2.6,92,1030,938,0.9109999999999999,2,2126
115,2019,Mike Smith,EDM,39,19,12,6,3.0,106,1087,981,0.902,1,2157
116,2019,Robin Lehner,VGK,36,19,10,5,2.9,99,1235,1136,0.92,1,2055
117,2019,Philipp Grubauer,COL,36,18,12,4,2.6,90,1067,977,0.9159999999999999,2,2057
118,2019,Jaroslav Halak,BOS,31,18,6,6,2.4,73,905,832,0.919,3,1833
119,2019,Pekka Rinne,NSH,36,18,14,4,3.2,105,1004,899,0.895,3,1988
120,2019,Mikko Koskinen,EDM,38,18,13,3,2.8,97,1175,1078,0.917,1,2117
121,2019,Martin Jones,SJ,41,17,21,2,3.0,118,1139,1021,0.8959999999999999,2,2360
122,2019,Linus Ullmark,BUF,34,17,14,3,2.7,91,1066,975,0.915,1,2027
123,2019,Juuse Saros,NSH,40,17,12,4,2.7,98,1142,1044,0.914,4,2177
124,2019,Alexandar Georgiev,NYR,34,17,14,2,3.1,96,1063,967,0.91,2,1892
125,2019,Thomas Greiss,NYI,31,16,9,4,2.8,73,838,765,0.9129999999999999,0,1596
126,2019,Brian Elliott,PHI,31,16,7,4,2.9,80,796,716,0.899,2,1674
127,2019,Anton Khudobin,DAL,30,16,8,4,2.2,62,882,820,0.93,0,1677
128,2019,Jonathan Quick,LA,42,16,22,4,2.8,117,1224,1107,0.904,1,2516
129,2019,Darcy Kuemper,ARI,29,16,11,2,2.2,65,903,838,0.9279999999999999,2,1753
130,2019,Corey Crawford,CHI,40,16,20,3,2.8,108,1294,1186,0.917,1,2340
131,2019,Ilya Samsonov,WAS,26,16,6,2,2.6,60,689,629,0.9129999999999999,1,1411
132,2019,Jonathan Bernier,DET,46,15,22,3,3.0,126,1353,1227,0.907,1,2566
133,2019,Antti Raanta,ARI,33,15,14,3,2.6,80,1014,934,0.9209999999999999,2,1823
134,2019,James Reimer,CAR,25,14,6,2,2.7,61,712,651,0.914,3,1378
135,2019,Elvis Merzlikins,CLS,33,13,9,8,2.4,71,919,848,0.9229999999999999,5,1815
136,2019,Thatcher Demko,VAN,27,13,10,2,3.1,78,822,744,0.905,0,1529
137,2019,Carter Hutton,BUF,31,12,14,4,3.2,94,918,824,0.898,2,1775
138,2019,Cam Talbot,CGY,26,12,10,1,2.7,63,780,717,0.919,2,1435
139,2019,Devan Dubnyk,MIN,30,12,15,2,3.4,93,849,756,0.89,1,1665
140,2019,Jake Allen,STL,24,12,6,3,2.2,48,655,607,0.927,2,1339
141,2019,Aaron Dell,SJ,33,12,15,3,3.0,92,986,894,0.907,0,1834
142,2019,Craig Anderson,OTT,34,11,17,2,3.3,100,1018,918,0.902,0,1845
143,2019,Jack Campbell,TOR,26,11,12,3,2.8,73,761,688,0.904,0,1567
144,2019,Igor Shesterkin,NYR,12,10,2,0,2.5,29,424,395,0.932,0,692
145,2019,Henrik Lundqvist,NYR,30,10,12,3,3.2,84,883,799,0.905,1,1597
146,2019,Ryan Miller,ANH,23,9,6,4,3.1,64,685,621,0.907,0,1238
147,2019,Anders Nilsson,OTT,20,9,9,2,3.2,58,628,570,0.9079999999999999,0,1093
148,2019,Malcolm Subban,CHI,21,9,7,3,3.2,60,546,486,0.89,0,1134
149,2019,Curtis McElhinney,TB,18,8,7,3,2.9,52,551,499,0.9059999999999999,1,1081
150,2019,Chris Driedger,FLA,12,7,2,1,2.1,22,354,332,0.938,1,643
151,2019,Laurent Brossoit,WPG,19,6,7,1,3.3,54,512,458,0.895,0,988
152,2019,Marcus Hogberg,OTT,24,5,8,8,3.1,70,728,658,0.904,0,1345
153,2019,Cal Petersen,LA,8,5,3,0,2.7,21,269,248,0.922,0,477
154,2019,Michael Hutchinson,COL,16,5,9,1,3.5,49,439,390,0.888,1,847
155,2019,Samuel Montembeault,FLA,14,5,5,1,3.4,39,356,317,0.89,0,701
156,2019,Louis Domingue,VAN,17,3,9,2,3.8,51,433,382,0.882,0,802
157,2019,Kaapo Kahkonen,MIN,5,3,1,1,3.0,15,172,157,0.9129999999999999,0,304
158,2019,Cory Schneider,NJ,13,3,6,2,3.6,40,355,315,0.887,1,679
159,2019,Charlie Lindgren,MON,6,2,4,0,3.4,20,178,158,0.888,0,361
160,2019,Adin Hill,ARI,13,2,4,3,2.6,28,343,315,0.9179999999999999,0,641
161,2019,Jimmy Howard,DET,27,2,23,2,4.2,96,817,721,0.882,0,1372
162,2019,Alex Lyon,PHI,3,1,1,0,3.6,8,73,65,0.89,0,135
163,2019,Anton Forsberg,CAR,3,1,1,0,3.4,8,78,70,0.897,0,143
164,2019,Alex Nedeljkovic,CAR,4,1,2,1,3.1,11,97,86,0.887,0,216
165,2019,Jonas Johansson,BUF,6,1,3,1,3.0,16,151,135,0.894,0,327
166,2019,Matiss Kivlenieks,CLS,6,1,1,2,3.0,14,137,123,0.898,0,285
167,2019,Adam Werner,COL,2,1,1,0,3.4,5,58,53,0.914,0,88
168,2019,Keith Kinkaid,MON,6,1,1,3,4.3,24,192,168,0.875,0,340
169,2019,Antoine Bibeau,COL,2,1,0,0,3.3,5,42,37,0.8809999999999999,0,92
170,2019,Cayden Primeau,MON,2,1,1,0,2.5,5,72,67,0.9309999999999999,0,119
171,2019,Kasimir Kaskisuo,TOR,1,0,1,0,6.0,6,38,32,0.8420000000000001,0,60
172,2019,Michael DiPietro,VAN,1,0,0,0,7.5,1,7,6,0.857,0,8
173,2019,Oscar Dansk,VGK,1,0,1,0,6.0,6,37,31,0.838,0,60
174,2019,Calvin Pickard,DET,3,0,2,0,5.5,15,74,59,0.797,0,165
175,2019,Garret Sparks,VGK,1,0,0,0,4.4,2,14,12,0.857,0,27
176,2019,Eric Comrie,WPG,3,0,2,0,4.3,9,66,57,0.8640000000000001,0,126
177,2019,Gilles Senn,NJ,2,0,1,0,3.5,4,41,37,0.902,0,70
178,2019,Anthony Stolarz,ANH,1,0,1,0,2.1,2,35,33,0.943,0,59
179,2011,Pekka Rinne,NSH,73,43,18,8,2.4,166,2153,1987,0.9229999999999999,5,4169
180,2011,Marc-Andre Fleury,VGK,67,42,17,4,2.4,153,1768,1615,0.9129999999999999,3,3896
181,2011,Henrik Lundqvist,NYR,62,39,18,5,2.0,123,1753,1630,0.93,8,3754
182,2011,Mike Smith,EDM,67,38,18,10,2.2,144,2066,1922,0.93,8,3903
183,2011,Tim Thomas,FA,59,35,19,1,2.4,132,1659,1527,0.92,5,3352
184,2011,Jonathan Quick,LA,69,35,21,13,2.0,133,1863,1730,0.929,10,4099
185,2011,Miikka Kiprusoff,FA,70,35,22,11,2.4,162,2040,1878,0.9209999999999999,4,4128
186,2011,Jimmy Howard,DET,57,35,17,4,2.1,119,1496,1377,0.92,6,3360
187,2011,Antti Niemi,FA,68,34,22,9,2.4,159,1865,1706,0.915,6,3936
188,2011,Ilya Bryzgalov,FA,59,33,16,7,2.5,141,1554,1413,0.909,6,3415
189,2011,Craig Anderson,OTT,63,33,22,6,2.9,165,1917,1752,0.914,3,3492
190,2011,Kari Lehtonen,FA,59,32,22,4,2.3,136,1739,1603,0.922,4,3497
191,2011,Roberto Luongo,FA,55,31,14,8,2.4,127,1577,1450,0.919,5,3162
192,2011,Martin Brodeur,FA,59,31,21,4,2.4,136,1472,1336,0.9079999999999999,3,3392
193,2011,Ryan Miller,ANH,61,31,21,7,2.6,150,1788,1638,0.9159999999999999,6,3536
194,2011,Cam Ward,FA,68,30,23,13,2.8,182,2143,1961,0.915,5,3988
195,2011,Corey Crawford,CHI,57,30,17,7,2.7,146,1507,1361,0.903,0,3218
196,2011,Ondrej Pavelec,FA,68,29,28,9,2.9,191,2036,1845,0.9059999999999999,4,3932
197,2011,Jonas Hiller,FA,73,29,30,12,2.6,182,2021,1839,0.91,4,4253
198,2011,Jaroslav Halak,BOS,46,26,12,7,2.0,90,1211,1121,0.9259999999999999,6,2747
199,2011,Semyon Varlamov,NYI,53,26,24,3,2.6,136,1564,1428,0.9129999999999999,4,3151
200,2011,Carey Price,MON,65,26,28,11,2.4,160,1914,1754,0.9159999999999999,4,3944
201,2011,Tomas Vokoun,FA,48,25,17,2,2.5,108,1299,1191,0.917,4,2583
202,2011,Mathieu Garon,FA,48,23,16,4,2.9,118,1191,1073,0.9009999999999999,1,2484
203,2011,Brian Elliott,PHI,38,23,10,4,1.6,58,972,914,0.94,9,2235
204,2011,Jose Theodore,FA,53,22,16,11,2.5,125,1502,1377,0.917,3,3049
205,2011,Devan Dubnyk,MIN,47,20,20,3,2.7,118,1380,1262,0.914,2,2653
206,2011,Cory Schneider,NJ,33,20,8,1,2.0,60,945,885,0.937,3,1833
207,2011,Evgeni Nabokov,FA,42,19,18,3,2.6,101,1172,1071,0.914,2,2378
208,2011,Niklas Backstrom,FA,46,19,18,7,2.4,105,1299,1194,0.919,4,2590
209,2011,Jonas Gustavsson,FA,42,17,17,4,2.9,112,1147,1035,0.902,4,2301
210,2011,Johan Hedberg,FA,27,17,7,2,2.2,59,718,659,0.9179999999999999,4,1591
211,2011,Steve Mason,FA,46,16,26,3,3.4,143,1355,1212,0.894,1,2534
212,2011,Jean-Sebastien Giguere,FA,32,15,11,3,2.3,69,850,781,0.919,2,1820
213,2011,Ray Emery,FA,34,15,9,4,2.8,83,834,751,0.9,0,1774
214,2011,Scott Clemmensen,FA,30,14,6,6,2.6,67,773,706,0.9129999999999999,1,1566
215,2011,Sergei Bobrovsky,FLA,29,14,10,2,3.0,78,769,691,0.899,0,1550
216,2011,James Reimer,CAR,34,14,14,4,3.1,97,974,877,0.9,3,1879
217,2011,Josh Harding,FA,34,13,12,4,2.6,81,981,900,0.917,2,1855
218,2011,Dwayne Roloson,FA,40,13,16,3,3.7,128,1126,998,0.8859999999999999,1,2099
219,2011,Michal Neuvirth,FA,38,13,13,5,2.8,95,976,881,0.903,3,2020
220,2011,Nikolai Khabibulin,FA,40,12,20,7,2.7,100,1114,1014,0.91,2,2261
221,2011,Martin Biron,FA,21,12,6,2,2.5,50,519,469,0.904,2,1220
222,2011,Tuukka Rask,BOS,23,11,8,3,2.1,44,621,577,0.929,3,1289
223,2011,Curtis Sanford,FA,36,10,18,4,2.6,86,971,885,0.9109999999999999,1,1983
224,2011,Thomas Greiss,NYI,19,9,7,1,2.3,40,472,432,0.915,0,1043
225,2011,Al Montoya,FA,31,9,11,5,3.1,89,832,743,0.893,0,1720
226,2011,Richard Bachman,VAN,18,8,5,1,2.8,43,477,434,0.91,1,933
227,2011,Chris Mason,FA,20,8,7,1,2.6,43,422,379,0.898,2,995
228,2011,Joey MacDonald,FA,14,8,5,1,2.2,29,330,301,0.912,0,806
229,2011,Jhonas Enroth,FA,26,8,11,4,2.7,63,756,693,0.917,1,1399
230,2011,Brent Johnson,FA,16,6,7,2,3.1,42,359,317,0.883,0,811
231,2011,Ty Conklin,FA,15,5,6,1,3.3,44,378,334,0.884,1,805
232,2011,Peter Budaj,FA,17,5,7,5,2.6,44,508,464,0.9129999999999999,0,1037
233,2011,Jonathan Bernier,DET,16,5,6,2,2.4,35,383,348,0.909,1,890
234,2011,Anders Lindback,FA,16,5,8,0,2.4,32,364,332,0.912,0,792
235,2011,Ben Scrivens,FA,12,4,5,2,3.1,35,359,324,0.903,0,672
236,2011,Braden Holtby,WAS,7,4,2,1,2.5,15,192,177,0.922,1,361
237,2011,Matt Hackett,FA,12,3,6,0,2.4,22,282,260,0.922,0,556
238,2011,Rick DiPietro,FA,8,3,2,3,3.8,22,177,155,0.8759999999999999,0,354
239,2011,Jason LaBarbera,FA,19,3,9,3,2.6,43,486,443,0.912,0,1015
240,2011,Jeff Deslauriers,FA,4,3,1,0,2.7,11,113,102,0.903,0,241
241,2011,Allen York,FA,11,3,2,0,2.3,16,199,183,0.92,0,417
242,2011,Ben Bishop,DAL,10,3,3,2,2.5,22,243,221,0.909,0,532
243,2011,Robin Lehner,VGK,5,3,2,0,2.0,10,154,144,0.935,1,299
244,2011,Brad Thiessen,CLS,5,3,1,0,3.8,16,113,97,0.858,0,258
245,2011,Marty Turco,FA,5,2,2,0,3.7,16,110,94,0.855,0,261
246,2011,Andrew Raycroft,FA,10,2,8,0,3.5,31,303,272,0.898,0,529
247,2011,Jacob Markstrom,VAN,7,2,4,1,2.7,17,222,205,0.9229999999999999,0,383
248,2011,Kevin Poulin,FA,6,2,4,0,3.1,15,162,147,0.907,0,296
249,2011,Alex Auld,FA,14,2,4,2,3.4,36,310,274,0.884,0,645
250,2011,Justin Peters,FA,7,2,3,2,2.5,16,233,217,0.9309999999999999,1,387
251,2011,Dan Ellis,FA,10,1,5,0,2.8,19,214,195,0.9109999999999999,0,419
252,2011,Leland Irving,FA,7,1,3,3,3.2,21,239,218,0.912,0,394
253,2011,Sebastien Caron,PIT,3,1,1,0,3.2,7,57,50,0.877,0,135
254,2011,Brian Boucher,PHI,10,1,6,1,3.4,31,260,229,0.8809999999999999,0,546
255,2011,Henrik Karlsson,CHI,9,1,4,2,3.2,24,239,215,0.9,0,454
256,2011,Curtis McElhinney,TB,2,1,0,0,1.7,2,36,34,0.9440000000000001,0,72
257,2011,Anders Nilsson,OTT,4,1,2,0,2.8,10,112,102,0.9109999999999999,1,218
258,2011,Iiro Tarkki,ANH,1,1,0,0,4.5,3,10,7,0.7,0,41
259,2011,Dustin Tokarski,PIT,5,1,3,1,3.5,14,116,102,0.879,0,244
260,2011,Anton Khudobin,DAL,1,1,0,0,1.0,1,45,44,0.978,0,60
261,2011,Jussi Rynnas,FA,2,0,1,0,4.3,7,40,33,0.825,0,99
262,2011,Drew MacIntyre,FA,2,0,0,0,1.4,1,18,17,0.9440000000000001,0,43
263,2011,Mike Murphy,FA,2,0,1,0,0.0,0,9,9,1.0,0,36
264,2011,Yann Danis,MON,1,0,0,0,3.8,2,12,10,0.833,0,32
265,2011,Shawn Hunwick,FA,1,0,0,0,0.0,0,0,0,0.0,0,3
266,2011,Peter Mannino,FA,1,0,0,0,0.0,0,4,4,1.0,0,20
267,2011,Brian Foster,FA,1,0,0,0,0.0,0,1,1,1.0,0,5
268,2016,Cam Talbot,CGY,73,42,22,8,2.4,171,2117,1946,0.919,7,4294
269,2016,Braden Holtby,WAS,63,42,13,6,2.1,127,1690,1563,0.925,9,3680
270,2016,Sergei Bobrovsky,FLA,63,41,17,5,2.1,127,1854,1727,0.9309999999999999,7,3707
271,2016,Devan Dubnyk,MIN,66,40,19,5,2.3,141,1850,1709,0.924,5,3778
272,2016,Tuukka Rask,BOS,65,37,20,5,2.2,137,1610,1473,0.915,8,3680
273,2016,Carey Price,MON,62,37,20,5,2.2,138,1794,1656,0.9229999999999999,3,3708
274,2016,Martin Jones,SJ,65,35,23,6,2.4,152,1725,1573,0.912,2,3800
275,2016,Frederik Andersen,TOR,66,33,16,14,2.7,169,2052,1883,0.9179999999999999,4,3799
276,2016,Jake Allen,STL,61,33,20,5,2.4,138,1620,1482,0.915,4,3418
277,2016,Corey Crawford,CHI,55,32,18,4,2.6,138,1691,1553,0.9179999999999999,2,3247
278,2016,Matt Murray,PIT,49,32,10,4,2.4,111,1450,1339,0.9229999999999999,4,2766
279,2016,Pekka Rinne,NSH,61,31,19,9,2.4,144,1757,1613,0.9179999999999999,3,3568
280,2016,Henrik Lundqvist,NYR,57,31,20,4,2.8,148,1650,1502,0.91,2,3240
281,2016,Peter Budaj,FA,60,30,21,3,2.2,120,1414,1294,0.915,7,3308
282,2016,Steve Mason,FA,58,26,21,8,2.7,143,1556,1413,0.9079999999999999,3,3225
283,2016,Connor Hellebuyck,WPG,56,26,19,4,2.9,146,1572,1426,0.907,4,3034
284,2016,Thomas Greiss,NYI,51,26,18,5,2.7,126,1453,1327,0.9129999999999999,3,2813
285,2016,Brian Elliott,PHI,49,26,18,3,2.6,121,1338,1217,0.91,2,2844
286,2016,Cam Ward,FA,61,26,22,12,2.7,162,1711,1549,0.905,2,3618
287,2016,John Gibson,ANH,52,25,16,9,2.2,109,1437,1328,0.924,6,2950
288,2016,Craig Anderson,OTT,40,25,11,4,2.3,92,1247,1155,0.9259999999999999,5,2421
289,2016,Robin Lehner,VGK,59,23,26,8,2.7,152,1910,1758,0.92,2,3405
290,2016,Andrei Vasilevskiy,TB,50,23,17,7,2.6,123,1480,1357,0.917,2,2831
291,2016,Kari Lehtonen,FA,59,22,25,7,2.9,151,1546,1395,0.902,3,3177
292,2016,Jonathan Bernier,DET,39,21,7,4,2.5,83,982,899,0.915,2,1993
293,2016,Cory Schneider,NJ,60,20,27,11,2.8,163,1781,1618,0.9079999999999999,2,3473
294,2016,Mike Condon,TB,41,19,14,6,2.5,96,1122,1026,0.914,5,2324
295,2016,Mike Smith,EDM,55,19,26,9,2.9,156,1819,1663,0.914,3,3202
296,2016,Marc-Andre Fleury,VGK,38,18,10,7,3.0,107,1181,1074,0.909,1,2125
297,2016,Ryan Miller,ANH,54,18,29,6,2.8,150,1737,1587,0.914,3,3212
298,2016,Petr Mrazek,CAR,50,18,21,9,3.1,145,1462,1317,0.9009999999999999,1,2858
299,2016,Chad Johnson,FA,36,18,15,1,2.6,87,969,882,0.91,3,2013
300,2016,Ben Bishop,DAL,39,18,15,5,2.6,94,1040,946,0.91,1,2223
301,2016,James Reimer,CAR,43,18,16,5,2.5,98,1222,1124,0.92,3,2325
302,2016,Scott Darling,FA,32,18,5,5,2.4,67,877,810,0.924,2,1689
303,2016,Roberto Luongo,FA,40,17,15,6,2.7,104,1217,1113,0.915,1,2327
304,2016,Antti Raanta,ARI,30,16,8,2,2.3,61,782,721,0.922,4,1617
305,2016,Calvin Pickard,DET,50,15,31,2,3.0,140,1461,1321,0.904,2,2820
306,2016,Philipp Grubauer,COL,24,13,6,2,2.1,43,585,542,0.9259999999999999,3,1265
307,2016,Carter Hutton,BUF,30,13,8,2,2.4,58,663,605,0.9129999999999999,4,1459
308,2016,Jaroslav Halak,BOS,28,12,9,5,2.8,75,885,810,0.915,2,1605
309,2016,Antti Niemi,FA,37,12,12,4,3.3,95,880,785,0.892,0,1729
310,2016,Michal Neuvirth,FA,28,11,11,1,2.8,64,586,522,0.8909999999999999,0,1364
311,2016,Louis Domingue,VAN,31,11,15,1,3.1,82,888,806,0.9079999999999999,0,1599
312,2016,Aaron Dell,SJ,20,11,6,1,2.0,37,533,496,0.9309999999999999,1,1111
313,2016,Jacob Markstrom,VAN,26,10,11,3,2.6,62,692,630,0.91,0,1417
314,2016,Juuse Saros,NSH,21,10,8,3,2.4,47,614,567,0.9229999999999999,1,1200
315,2016,Jimmy Howard,DET,26,10,11,1,2.1,49,675,626,0.927,1,1397
316,2016,Anders Nilsson,OTT,26,10,10,4,2.7,66,857,791,0.9229999999999999,1,1484
317,2016,Michael Hutchinson,COL,28,9,12,3,2.9,67,690,623,0.903,1,1378
318,2016,Jonathan Quick,LA,17,8,5,2,2.3,35,421,386,0.917,2,931
319,2016,Keith Kinkaid,MON,26,8,13,3,2.7,65,778,713,0.9159999999999999,1,1476
320,2016,Curtis McElhinney,TB,21,8,8,2,2.7,51,616,565,0.917,1,1135
321,2016,Al Montoya,FA,19,8,6,4,2.7,50,569,519,0.912,2,1125
322,2016,Eddie Lack,FA,20,8,7,3,2.7,48,492,444,0.902,1,1090
323,2016,Darcy Kuemper,ARI,18,8,5,3,3.2,55,562,507,0.902,0,1053
324,2016,Joonas Korpisalo,CLS,14,7,5,1,2.9,38,401,363,0.905,1,791
325,2016,Anton Khudobin,DAL,16,7,6,1,2.7,39,405,366,0.904,0,885
326,2016,Semyon Varlamov,NYI,24,6,17,0,3.4,76,745,669,0.898,1,1348
327,2016,Jared Coreau,NYI,14,5,4,3,3.5,41,362,321,0.887,2,712
328,2016,Ondrej Pavelec,FA,8,4,4,0,3.6,26,233,207,0.888,0,440
329,2016,Laurent Brossoit,WPG,8,4,1,0,2.0,11,153,142,0.9279999999999999,0,332
330,2016,Jean-Francois Berube,NYR,14,3,2,2,3.5,30,271,241,0.889,0,527
331,2016,Anthony Stolarz,ANH,7,2,1,1,2.1,13,181,168,0.9279999999999999,1,376
332,2016,Michael Leighton,FA,4,2,2,0,3.4,12,92,80,0.87,0,210
333,2016,Charlie Lindgren,MON,2,2,0,0,1.5,3,59,56,0.9490000000000001,0,122
334,2016,Richard Bachman,VAN,5,2,3,0,2.7,13,162,149,0.92,0,295
335,2016,Jeff Zatkoff,FA,13,2,7,1,3.0,27,223,196,0.879,0,550
336,2016,Magnus Hellberg,FA,2,1,0,0,1.6,2,28,26,0.929,0,79
337,2016,Antoine Bibeau,COL,2,1,1,0,2.0,4,55,51,0.927,0,121
338,2016,Jon Gillies,CGY,1,1,0,0,1.0,1,28,27,0.9640000000000001,0,60
339,2016,Eric Comrie,WPG,1,1,0,0,4.1,4,39,35,0.897,0,59
340,2016,Alex Stalock,MIN,2,1,1,0,1.5,3,54,51,0.9440000000000001,0,119
341,2016,Jonas Gustavsson,FA,7,1,3,1,3.1,17,139,122,0.878,0,329
342,2016,Jeremy Smith,FA,10,1,6,1,3.6,32,286,254,0.888,0,543
343,2016,Reto Berra,FA,7,0,5,0,3.5,18,145,127,0.8759999999999999,0,313
344,2016,Kristers Gudlevskis,FA,1,0,0,0,0.0,0,3,3,1.0,0,11
345,2016,Andrew Hammond,BUF,6,0,2,0,4.1,14,86,72,0.8370000000000001,0,206
346,2016,Pheonix Copley,WAS,1,0,1,0,5.2,5,29,24,0.828,0,59
347,2016,Anton Forsberg,CAR,1,0,1,0,4.1,4,27,23,0.852,0,59
348,2016,Jack Campbell,TOR,1,0,0,0,0.0,0,5,5,1.0,0,20
349,2016,Jhonas Enroth,FA,6,0,3,1,4.0,18,141,123,0.872,0,274
350,2016,David Rittich,CGY,1,0,0,0,3.0,1,10,9,0.9,0,20
351,2016,Malcolm Subban,CHI,1,0,1,0,6.0,3,16,13,0.813,0,31
352,2016,Tristan Jarry,PIT,1,0,1,0,3.1,3,25,22,0.88,0,59
353,2016,Spencer Martin,TB,3,0,2,1,4.4,13,96,83,0.865,0,179
354,2016,Justin Peters,FA,3,0,1,0,3.2,7,70,63,0.9,0,133
355,2016,Zane McIntyre,NJ,8,0,4,1,4.0,22,155,133,0.858,0,333
356,2016,Linus Ullmark,BUF,1,0,1,0,3.1,3,36,33,0.917,0,59
357,2016,Marek Langhamer,ARI,1,0,0,0,4.0,1,8,7,0.875,0,16
358,2016,Chris Driedger,FLA,1,0,1,0,6.0,4,15,11,0.733,0,40
359,2016,Dustin Tokarski,PIT,1,0,0,0,0.0,0,5,5,1.0,0,10
360,2016,Marek Mazanec,FA,4,0,2,0,4.8,14,87,73,0.8390000000000001,0,178
361,2016,Alex Nedeljkovic,CAR,1,0,0,0,0.0,0,17,17,1.0,0,30
362,2013,Semyon Varlamov,NYI,63,41,14,6,2.4,146,2013,1867,0.927,2,3640
363,2013,Antti Niemi,FA,64,39,17,7,2.4,149,1705,1556,0.9129999999999999,4,3740
364,2013,Marc-Andre Fleury,VGK,64,39,18,5,2.4,150,1774,1624,0.915,5,3792
365,2013,Ben Bishop,DAL,63,37,14,7,2.2,133,1758,1625,0.924,5,3586
366,2013,Tuukka Rask,BOS,58,36,15,6,2.0,115,1641,1526,0.93,7,3386
367,2013,Carey Price,MON,59,34,20,5,2.3,134,1828,1694,0.927,6,3464
368,2013,Henrik Lundqvist,NYR,63,33,24,5,2.4,144,1810,1666,0.92,5,3655
369,2013,Kari Lehtonen,FA,65,33,20,10,2.4,153,1888,1735,0.919,5,3804
370,2013,Steve Mason,FA,61,33,18,7,2.5,145,1751,1606,0.917,4,3486
371,2013,Corey Crawford,CHI,59,32,16,10,2.3,128,1533,1405,0.917,2,3395
372,2013,Sergei Bobrovsky,FLA,58,32,20,5,2.4,131,1699,1568,0.9229999999999999,5,3299
373,2013,Jaroslav Halak,BOS,52,29,13,7,2.3,110,1385,1275,0.9209999999999999,5,2939
374,2013,Jonas Hiller,FA,50,29,13,7,2.5,120,1348,1228,0.9109999999999999,5,2909
375,2013,Jonathan Quick,LA,49,27,17,4,2.1,100,1183,1083,0.915,6,2904
376,2013,Mike Smith,EDM,62,27,21,10,2.7,159,1871,1712,0.915,3,3610
377,2013,Jonathan Bernier,DET,55,26,19,7,2.7,138,1787,1649,0.9229999999999999,1,3084
378,2013,Ryan Miller,ANH,59,25,30,4,2.7,154,1885,1731,0.9179999999999999,1,3500
379,2013,Craig Anderson,OTT,53,25,16,8,3.0,150,1680,1530,0.9109999999999999,4,3000
380,2013,Roberto Luongo,FA,56,25,23,7,2.4,129,1589,1460,0.919,4,3222
381,2013,Braden Holtby,WAS,48,23,15,4,2.9,126,1475,1349,0.915,4,2656
382,2013,Ondrej Pavelec,FA,57,22,26,7,3.0,163,1644,1481,0.9009999999999999,1,3248
383,2013,Jimmy Howard,DET,51,21,19,11,2.7,133,1482,1349,0.91,2,3004
384,2013,Carter Hutton,BUF,40,20,11,4,2.6,91,1006,915,0.91,1,2085
385,2013,Frederik Andersen,TOR,28,20,5,0,2.3,60,783,723,0.9229999999999999,0,1569
386,2013,Martin Brodeur,FA,40,19,14,6,2.5,96,972,876,0.9009999999999999,3,2302
387,2013,Anton Khudobin,DAL,36,19,14,1,2.3,80,1076,996,0.9259999999999999,1,2084
388,2013,Tim Thomas,FA,48,18,24,4,2.9,128,1390,1262,0.9079999999999999,0,2662
389,2013,Brian Elliott,PHI,31,18,6,2,2.0,53,681,628,0.922,4,1624
390,2013,Josh Harding,FA,29,18,7,3,1.7,46,690,644,0.9329999999999999,3,1668
391,2013,Chad Johnson,FA,27,17,4,3,2.1,53,708,655,0.925,2,1511
392,2013,Karri Ramo,FA,40,17,15,4,2.7,97,1091,994,0.9109999999999999,2,2194
393,2013,Ben Scrivens,FA,40,16,16,4,2.6,94,1205,1111,0.922,4,2210
394,2013,Eddie Lack,FA,41,16,17,5,2.4,93,1052,959,0.912,4,2319
395,2013,Cory Schneider,NJ,45,16,15,12,2.0,88,1107,1019,0.9209999999999999,3,2680
396,2013,Jonas Gustavsson,FA,27,16,5,4,2.6,68,735,667,0.907,0,1551
397,2013,Evgeni Nabokov,FA,40,15,14,8,2.8,103,1085,982,0.905,4,2254
398,2013,Al Montoya,FA,28,13,8,3,2.3,59,737,678,0.92,2,1541
399,2013,Antti Raanta,ARI,25,13,5,4,2.7,63,610,547,0.897,1,1397
400,2013,Ilya Bryzgalov,FA,32,12,9,8,2.7,81,891,810,0.909,4,1814
401,2013,James Reimer,CAR,36,12,16,1,3.3,98,1095,997,0.9109999999999999,1,1785
402,2013,Alex Stalock,MIN,24,12,5,2,1.9,39,571,532,0.932,2,1252
403,2013,Martin Jones,SJ,19,12,6,0,1.8,33,500,467,0.934,4,1095
404,2013,Darcy Kuemper,ARI,26,12,8,4,2.4,60,702,642,0.915,2,1480
405,2013,Robin Lehner,VGK,36,12,15,6,3.1,99,1141,1042,0.9129999999999999,1,1942
406,2013,Jeff Zatkoff,FA,20,12,6,2,2.6,51,582,531,0.912,1,1171
407,2013,Cam Talbot,CGY,21,12,6,1,1.6,33,560,527,0.941,3,1211
408,2013,Kevin Poulin,FA,28,11,16,1,3.3,89,820,731,0.8909999999999999,0,1625
409,2013,Devan Dubnyk,MIN,34,11,18,3,3.5,103,945,842,0.8909999999999999,2,1802
410,2013,Jean-Sebastien Giguere,FA,22,11,6,1,2.6,53,608,555,0.9129999999999999,2,1212
411,2013,Thomas Greiss,NYI,25,10,8,5,2.3,50,626,576,0.92,2,1312
412,2013,Cam Ward,FA,30,10,12,6,3.1,84,824,740,0.898,0,1645
413,2013,Curtis McElhinney,TB,28,10,11,1,2.7,64,703,639,0.909,2,1423
414,2013,Peter Budaj,FA,24,10,8,3,2.5,56,615,559,0.909,1,1338
415,2013,Pekka Rinne,NSH,24,10,10,3,2.8,63,645,582,0.902,2,1367
416,2013,Reto Berra,FA,31,9,18,3,3.1,88,820,732,0.893,0,1720
417,2013,Ray Emery,FA,28,9,12,2,3.0,69,711,642,0.903,2,1398
418,2013,Anders Nilsson,OTT,19,8,7,2,3.1,57,548,491,0.8959999999999999,0,1101
419,2013,Marek Mazanec,FA,25,8,10,4,2.8,64,650,586,0.902,2,1370
420,2013,Anders Lindback,FA,23,8,12,2,2.9,63,580,517,0.8909999999999999,1,1302
421,2013,Justin Peters,FA,21,7,9,4,2.5,51,626,575,0.919,1,1225
422,2013,Philipp Grubauer,COL,17,6,5,5,2.4,35,469,434,0.925,0,883
423,2013,Scott Clemmensen,FA,17,6,7,1,3.1,47,454,407,0.8959999999999999,0,914
424,2013,Joey MacDonald,FA,11,5,4,1,2.9,29,264,235,0.89,0,599
425,2013,Niklas Backstrom,FA,21,5,11,2,3.0,55,546,491,0.899,0,1094
426,2013,Dan Ellis,FA,20,5,11,0,3.6,62,514,452,0.879,1,1027
427,2013,Viktor Fasth,FA,12,5,5,2,2.8,33,340,307,0.903,0,701
428,2013,Jhonas Enroth,FA,28,4,17,5,2.8,74,834,760,0.9109999999999999,0,1574
429,2013,Michal Neuvirth,FA,15,4,8,2,2.8,41,517,476,0.9209999999999999,0,884
430,2013,Joni Ortio,FA,9,4,4,0,2.5,21,193,172,0.8909999999999999,0,501
431,2013,John Gibson,ANH,3,3,0,0,1.3,4,87,83,0.9540000000000001,1,181
432,2013,Dustin Tokarski,PIT,3,2,0,0,1.8,5,93,88,0.946,1,163
433,2013,Jacob Markstrom,VAN,16,2,8,3,3.4,46,361,315,0.873,0,813
434,2013,Petr Mrazek,CAR,9,2,4,0,1.7,13,178,165,0.927,2,449
435,2013,Michael Hutchinson,COL,3,2,1,0,1.6,5,88,83,0.943,0,183
436,2013,Niklas Svedberg,FA,1,1,0,0,2.0,2,35,33,0.943,0,61
437,2013,Kristers Gudlevskis,FA,1,1,0,0,2.0,2,38,36,0.9470000000000001,0,60
438,2013,Nikolai Khabibulin,FA,4,1,0,1,5.0,14,74,60,0.8109999999999999,0,168
439,2013,John Curry,FA,2,1,0,0,3.0,4,57,53,0.93,0,80
440,2013,Jason LaBarbera,FA,7,1,3,0,3.3,19,146,127,0.87,0,348
441,2013,Nathan Lieuwen,FA,7,1,4,0,3.0,18,191,173,0.9059999999999999,0,363
442,2013,Matt Hackett,FA,8,1,6,1,3.1,22,239,217,0.9079999999999999,0,426
443,2013,Mike McKenna,FA,4,1,1,1,3.0,11,114,103,0.904,0,219
444,2013,Mark Visentin,FA,1,0,1,0,3.1,3,32,29,0.9059999999999999,0,59
445,2013,Cristopher Nilstorp,FA,1,0,0,0,4.6,3,17,14,0.8240000000000001,0,39
446,2013,Cal Heeter,TOR,1,0,0,1,4.8,5,38,33,0.868,0,64
447,2013,Jack Campbell,TOR,1,0,1,0,6.0,6,47,41,0.872,0,60
448,2013,Sami Aittokallio,FA,1,0,1,0,4.5,3,18,15,0.833,0,40
449,2013,Connor Knapp,FA,2,0,0,1,3.2,4,32,28,0.875,0,77
450,2013,Cedrick Desjardins,FA,1,0,1,0,6.7,2,13,11,0.846,0,18
451,2013,Magnus Hellberg,FA,1,0,0,0,5.0,1,4,3,0.75,0,12
452,2013,Drew MacIntyre,FA,2,0,1,0,2.6,4,51,47,0.922,0,95
453,2013,Richard Bachman,VAN,3,0,2,1,3.1,7,83,76,0.9159999999999999,0,139
454,2013,Kent Simpson,COL,1,0,0,0,6.0,2,7,5,0.7140000000000001,0,20
455,2013,Martin Biron,FA,2,0,1,0,7.8,9,38,29,0.763,0,71
456,2013,Nathan Lawson,FA,1,0,0,0,10.9,2,10,8,0.8,0,12
457,2013,Andrew Hammond,BUF,1,0,0,0,0.0,0,11,11,1.0,0,35
458,2013,Joacim Eriksson,FA,1,0,0,0,10.0,6,31,25,0.8059999999999999,0,36
459,2010,Carey Price,MON,72,38,28,6,2.4,165,2147,1982,0.9229999999999999,8,4206
460,2010,Roberto Luongo,FA,60,38,15,7,2.1,126,1753,1627,0.9279999999999999,4,3590
461,2010,Jimmy Howard,DET,63,37,17,5,2.8,168,1830,1662,0.9079999999999999,2,3615
462,2010,Miikka Kiprusoff,FA,71,37,24,6,2.6,182,1935,1753,0.9059999999999999,6,4156
463,2010,Cam Ward,FA,74,37,26,10,2.6,184,2375,2191,0.9229999999999999,4,4318
464,2010,Ilya Bryzgalov,FA,68,36,20,10,2.5,168,2125,1957,0.9209999999999999,7,4060
465,2010,Henrik Lundqvist,NYR,68,36,27,5,2.3,152,1965,1813,0.9229999999999999,11,4007
466,2010,Marc-Andre Fleury,VGK,65,36,20,5,2.3,143,1742,1599,0.9179999999999999,3,3695
467,2010,Tim Thomas,FA,57,35,11,9,2.0,112,1811,1699,0.938,9,3364
468,2010,Antti Niemi,FA,60,35,18,6,2.4,140,1741,1601,0.92,6,3524
469,2010,Jonathan Quick,LA,61,35,22,3,2.3,134,1631,1497,0.9179999999999999,6,3591
470,2010,Ryan Miller,ANH,66,34,22,8,2.6,165,1964,1799,0.9159999999999999,5,3829
471,2010,Kari Lehtonen,FA,69,34,24,11,2.6,175,2043,1868,0.914,3,4119
472,2010,Corey Crawford,CHI,57,33,18,6,2.3,128,1545,1417,0.917,4,3337
473,2010,Pekka Rinne,NSH,64,33,22,9,2.1,134,1905,1771,0.93,6,3789
474,2010,Sergei Bobrovsky,FLA,54,28,13,8,2.6,130,1527,1397,0.915,0,3017
475,2010,Jaroslav Halak,BOS,57,27,21,7,2.5,136,1518,1382,0.91,7,3294
476,2010,Michal Neuvirth,FA,48,27,12,4,2.5,110,1283,1173,0.914,4,2689
477,2010,Jonas Hiller,FA,49,26,16,3,2.6,114,1493,1379,0.924,5,2672
478,2010,Steve Mason,FA,54,24,21,7,3.1,153,1541,1388,0.9009999999999999,3,3027
479,2010,Dwayne Roloson,FA,54,24,25,5,2.6,138,1596,1458,0.914,4,3199
480,2010,Craig Anderson,OTT,51,24,20,4,2.8,135,1546,1411,0.9129999999999999,2,2865
481,2010,Martin Brodeur,FA,56,23,26,3,2.5,127,1313,1186,0.903,6,3116
482,2010,Tomas Vokoun,FA,57,22,28,5,2.6,137,1753,1616,0.922,6,3224
483,2010,Niklas Backstrom,FA,51,22,23,5,2.7,132,1566,1434,0.9159999999999999,3,2978
484,2010,Dan Ellis,FA,44,21,10,7,2.8,111,1089,978,0.898,2,2408
485,2010,Ondrej Pavelec,FA,58,21,23,9,2.8,147,1705,1558,0.914,4,3225
486,2010,James Reimer,CAR,37,20,10,5,2.6,90,1134,1044,0.9209999999999999,3,2080
487,2010,Brian Boucher,PHI,34,18,10,4,2.4,76,902,826,0.9159999999999999,0,1885
488,2010,Cory Schneider,NJ,25,16,4,2,2.3,51,714,663,0.929,1,1372
489,2010,Johan Hedberg,FA,34,15,12,2,2.4,68,777,709,0.912,3,1717
490,2010,Peter Budaj,FA,45,15,21,4,3.2,130,1234,1104,0.895,1,2439
491,2010,Jose Theodore,FA,32,15,11,3,2.7,81,963,882,0.9159999999999999,1,1793
492,2010,Brian Elliott,PHI,55,15,27,9,3.4,166,1551,1385,0.893,3,2983
493,2010,Chris Mason,FA,33,13,13,3,3.4,95,882,787,0.892,1,1682
494,2010,Mike Smith,EDM,22,13,6,1,2.9,58,576,518,0.899,1,1202
495,2010,Brent Johnson,FA,23,13,5,3,2.2,47,604,557,0.922,1,1297
496,2010,Devan Dubnyk,MIN,35,12,13,8,2.7,93,1103,1010,0.9159999999999999,2,2061
497,2010,Antero Niittymaki,FA,24,12,7,3,2.7,64,615,551,0.8959999999999999,0,1414
498,2010,Anders Lindback,FA,22,11,5,2,2.6,49,576,527,0.915,2,1131
499,2010,Jean-Sebastien Giguere,FA,33,11,11,4,2.9,78,777,699,0.9,0,1633
500,2010,Semyon Varlamov,NYI,27,11,9,5,2.2,58,759,701,0.924,2,1560
501,2010,Marty Turco,FA,30,11,11,3,3.0,82,799,717,0.897,1,1631
502,2010,Jonathan Bernier,DET,25,11,8,3,2.5,57,652,595,0.9129999999999999,3,1378
503,2010,Tuukka Rask,BOS,29,11,14,2,2.7,71,866,795,0.9179999999999999,2,1594
504,2010,Nikolai Khabibulin,FA,47,10,32,4,3.4,153,1389,1236,0.89,2,2701
505,2010,Braden Holtby,WAS,14,10,2,2,1.8,22,332,310,0.934,2,736
506,2010,Mathieu Garon,FA,36,10,14,6,2.7,88,887,799,0.9009999999999999,3,1938
507,2010,Curtis McElhinney,TB,28,9,13,1,3.2,74,721,647,0.897,2,1395
508,2010,Jhonas Enroth,FA,14,9,2,2,2.7,35,377,342,0.907,1,769
509,2010,Al Montoya,FA,21,9,5,5,2.4,46,585,539,0.9209999999999999,1,1154
510,2010,Andrew Raycroft,FA,19,8,5,0,2.9,40,446,406,0.91,2,847
511,2010,Ty Conklin,FA,25,8,8,4,3.2,69,582,513,0.8809999999999999,2,1285
512,2010,Scott Clemmensen,FA,31,8,11,7,2.6,74,833,759,0.9109999999999999,1,1696
513,2010,Martin Biron,FA,17,8,6,0,2.2,33,426,393,0.9229999999999999,0,928
514,2010,Rick DiPietro,FA,26,8,14,4,3.5,88,773,685,0.8859999999999999,1,1533
515,2010,Jason LaBarbera,FA,17,7,6,3,3.3,48,529,481,0.909,2,883
516,2010,Ray Emery,FA,10,7,2,0,2.3,20,272,252,0.9259999999999999,0,527
517,2010,Alex Auld,FA,16,6,2,2,2.7,33,383,350,0.914,0,749
518,2010,Jonas Gustavsson,FA,23,6,13,2,3.3,68,620,552,0.89,0,1242
519,2010,Joey MacDonald,FA,15,5,5,3,2.6,31,372,341,0.917,1,721
520,2010,Chris Osgood,FA,11,5,3,2,2.8,29,298,269,0.903,0,629
521,2010,Henrik Karlsson,CHI,17,4,5,6,2.6,36,391,355,0.9079999999999999,0,838
522,2010,Pascal Leclaire,FA,14,4,7,1,2.9,36,391,355,0.9079999999999999,0,763
523,2010,Kevin Poulin,FA,10,4,2,1,2.5,20,262,242,0.924,0,491
524,2010,Martin Gerber,FA,3,3,0,0,1.3,4,95,91,0.958,0,185
525,2010,Justin Peters,FA,12,3,5,1,4.0,43,343,300,0.875,0,648
526,2010,Ben Bishop,DAL,7,3,4,0,2.8,17,168,151,0.899,1,369
527,2010,Anton Khudobin,DAL,4,2,1,0,1.6,5,86,81,0.9420000000000001,1,189
528,2010,Cedrick Desjardins,FA,2,2,0,0,1.0,2,63,61,0.968,0,120
529,2010,Mikko Koskinen,EDM,4,2,1,0,4.4,15,118,103,0.873,0,208
530,2010,Michael Leighton,FA,1,1,0,0,4.1,4,36,32,0.889,0,60
531,2010,Alex Stalock,MIN,1,1,0,0,0.0,0,9,9,1.0,0,30
532,2010,Nathan Lawson,FA,10,1,4,2,4.1,26,243,217,0.893,0,384
533,2010,Robin Lehner,VGK,8,1,4,0,3.6,20,178,158,0.888,0,341
534,2010,Richard Bachman,VAN,1,0,0,0,0.0,0,4,4,1.0,0,10
535,2010,Timo Pielmeier,NJ,1,0,0,0,7.5,5,12,7,0.583,0,40
536,2010,Tom McCollum,NYR,1,0,0,0,12.9,3,8,5,0.625,0,15
537,2010,David LeNeveu,FA,1,0,0,0,6.0,2,12,10,0.833,0,20
538,2010,Mike McKenna,FA,2,0,1,0,3.1,6,56,50,0.893,0,118
539,2010,Matt Climie,FA,1,0,0,0,1.9,1,16,15,0.938,0,32
540,2010,Patrick Lalime,FA,7,0,5,0,3.0,18,163,145,0.89,0,365
541,2010,Mark Dekanich,FA,1,0,0,0,3.7,3,25,22,0.88,0,50
542,2010,Chad Johnson,FA,1,0,0,0,6.0,2,11,9,0.818,0,20
543,2010,Mike Brodeur,MIN,4,0,1,0,4.4,7,42,35,0.833,0,97
544,2010,Peter Mannino,FA,2,0,0,0,4.2,5,36,31,0.861,0,73
545,2010,Jacob Markstrom,VAN,1,0,1,0,3.1,2,14,12,0.857,0,40
546,2015,Braden Holtby,WAS,66,48,9,7,2.2,141,1802,1661,0.922,3,3841
547,2015,Jonathan Quick,LA,68,40,23,5,2.2,149,1820,1671,0.9179999999999999,5,4034
548,2015,Martin Jones,SJ,65,37,23,4,2.3,143,1734,1591,0.9179999999999999,6,3786
549,2015,Corey Crawford,CHI,58,35,18,5,2.4,131,1718,1587,0.924,7,3323
550,2015,Roberto Luongo,FA,62,35,19,6,2.4,141,1801,1660,0.922,4,3602
551,2015,Ben Bishop,DAL,61,35,21,4,2.1,123,1672,1549,0.9259999999999999,6,3585
552,2015,Henrik Lundqvist,NYR,65,35,21,7,2.5,156,1944,1788,0.92,4,3772
553,2015,Marc-Andre Fleury,VGK,58,35,17,6,2.3,132,1665,1533,0.9209999999999999,5,3463
554,2015,Pekka Rinne,NSH,66,34,21,10,2.5,161,1744,1583,0.9079999999999999,4,3895
555,2015,Devan Dubnyk,MIN,67,32,26,6,2.3,150,1829,1679,0.9179999999999999,5,3861
556,2015,Craig Anderson,OTT,60,31,23,5,2.8,161,1915,1754,0.9159999999999999,4,3477
557,2015,Tuukka Rask,BOS,64,31,22,8,2.6,157,1854,1697,0.915,4,3678
558,2015,Cory Schneider,NJ,58,27,25,6,2.2,122,1597,1475,0.924,4,3412
559,2015,Semyon Varlamov,NYI,57,27,25,3,2.8,148,1714,1566,0.914,2,3159
560,2015,Petr Mrazek,CAR,54,27,16,6,2.3,115,1448,1333,0.9209999999999999,4,2961
561,2015,Jake Allen,STL,47,26,15,3,2.4,101,1260,1159,0.92,6,2583
562,2015,Antti Niemi,FA,48,25,13,7,2.7,118,1246,1128,0.905,3,2654
563,2015,Kari Lehtonen,FA,43,25,10,2,2.8,105,1121,1016,0.9059999999999999,2,2279
564,2015,Cam Ward,FA,52,23,17,10,2.4,122,1343,1221,0.909,1,3038
565,2015,Thomas Greiss,NYI,41,23,11,4,2.4,90,1197,1107,0.925,1,2287
566,2015,Brian Elliott,PHI,42,23,8,6,2.1,78,1113,1035,0.93,4,2263
567,2015,Steve Mason,FA,54,23,19,10,2.5,132,1602,1470,0.9179999999999999,4,3150
568,2015,Frederik Andersen,TOR,43,22,9,7,2.3,88,1086,998,0.919,3,2298
569,2015,Chad Johnson,FA,45,22,16,4,2.4,102,1270,1168,0.92,1,2591
570,2015,John Gibson,ANH,40,21,13,4,2.1,79,992,913,0.92,4,2295
571,2015,Cam Talbot,CGY,56,21,27,5,2.6,137,1648,1511,0.917,3,3223
572,2015,Mike Condon,TB,55,21,25,6,2.7,141,1458,1317,0.903,1,3123
573,2015,Michal Neuvirth,FA,32,18,8,4,2.3,69,908,839,0.924,3,1825
574,2015,Jaroslav Halak,BOS,36,18,13,4,2.3,80,984,904,0.919,3,2091
575,2015,James Reimer,CAR,40,17,14,7,2.3,88,1128,1040,0.922,3,2290
576,2015,Karri Ramo,FA,37,17,18,1,2.6,94,1034,940,0.909,1,2145
577,2015,Ryan Miller,ANH,51,17,24,9,2.7,137,1634,1497,0.9159999999999999,1,3043
578,2015,Joonas Korpisalo,CLS,31,16,11,4,2.6,78,969,891,0.92,0,1803
579,2015,Louis Domingue,VAN,39,15,18,5,2.8,101,1142,1041,0.912,2,2206
580,2015,Mike Smith,EDM,32,15,13,2,2.6,77,921,844,0.9159999999999999,3,1754
581,2015,Sergei Bobrovsky,FLA,37,15,19,1,2.8,97,1049,952,0.9079999999999999,1,2116
582,2015,Jimmy Howard,DET,38,14,14,5,2.8,93,982,889,0.905,2,1993
583,2015,Connor Hellebuyck,WPG,26,13,11,1,2.4,56,683,627,0.9179999999999999,2,1433
584,2015,Ondrej Pavelec,FA,33,13,13,4,2.8,88,918,830,0.904,1,1899
585,2015,Jacob Markstrom,VAN,33,13,14,4,2.7,84,988,904,0.915,0,1847
586,2015,Jonathan Bernier,DET,38,12,21,3,2.9,103,1114,1011,0.9079999999999999,3,2147
587,2015,Al Montoya,FA,25,12,7,3,2.2,49,608,559,0.919,0,1351
588,2015,Scott Darling,FA,29,12,8,4,2.6,67,784,717,0.915,1,1560
589,2015,Eddie Lack,FA,34,12,14,6,2.8,90,910,820,0.9009999999999999,2,1920
590,2015,Jonas Gustavsson,FA,24,11,9,1,2.7,57,622,565,0.9079999999999999,1,1258
591,2015,Andrei Vasilevskiy,TB,24,11,10,0,2.8,58,646,588,0.91,1,1259
592,2015,Antti Raanta,ARI,25,11,6,2,2.3,43,530,487,0.919,1,1150
593,2015,Carey Price,MON,12,10,2,0,2.1,24,365,341,0.934,2,698
594,2015,Anders Nilsson,OTT,29,10,13,2,3.1,78,789,711,0.9009999999999999,0,1501
595,2015,Keith Kinkaid,MON,23,9,9,1,2.8,58,605,547,0.904,2,1240
596,2015,Jonas Hiller,FA,26,9,11,1,3.5,79,654,575,0.879,1,1351
597,2015,Matt Murray,PIT,13,9,2,1,2.0,25,355,330,0.93,1,749
598,2015,Michael Hutchinson,COL,30,9,15,3,2.9,75,805,730,0.907,0,1586
599,2015,Philipp Grubauer,COL,22,8,9,1,2.3,43,523,480,0.9179999999999999,0,1111
600,2015,Linus Ullmark,BUF,20,8,10,2,2.6,49,565,516,0.9129999999999999,0,1131
601,2015,Carter Hutton,BUF,17,7,5,4,2.3,38,464,426,0.9179999999999999,2,979
602,2015,Calvin Pickard,DET,20,7,6,1,2.6,42,539,497,0.922,1,985
603,2015,Jhonas Enroth,FA,16,7,5,1,2.2,31,398,367,0.922,2,856
604,2015,Andrew Hammond,BUF,24,7,11,4,2.7,61,712,651,0.914,1,1382
605,2015,Joni Ortio,FA,22,7,9,5,2.8,55,564,509,0.902,1,1197
606,2015,Darcy Kuemper,ARI,21,6,7,5,2.4,43,507,464,0.915,2,1063
607,2015,Garret Sparks,VGK,17,6,9,1,3.0,49,456,407,0.893,1,975
608,2015,Ben Scrivens,FA,15,5,8,0,3.1,42,447,405,0.9059999999999999,0,822
609,2015,Reto Berra,FA,14,5,8,0,2.4,29,374,345,0.922,2,721
610,2015,Robin Lehner,VGK,21,5,9,5,2.5,48,634,586,0.924,1,1164
611,2015,Anders Lindback,FA,19,5,7,1,3.1,47,443,396,0.894,0,906
612,2015,Jeff Zatkoff,FA,14,4,7,1,2.8,34,408,374,0.917,0,732
613,2015,Anton Khudobin,DAL,9,3,3,0,2.7,16,175,159,0.909,1,356
614,2015,Jean-Francois Berube,NYR,7,3,2,1,2.7,18,210,192,0.914,0,399
615,2015,Alex Stalock,MIN,13,3,5,2,3.0,33,285,252,0.884,0,674
616,2015,Curtis McElhinney,TB,18,2,7,3,3.3,46,417,371,0.89,0,835
617,2015,Scott Wedgewood,TB,4,2,1,1,1.3,5,116,111,0.9570000000000001,1,241
618,2015,Niklas Backstrom,FA,4,2,2,0,3.4,13,109,96,0.8809999999999999,0,233
619,2015,Richard Bachman,VAN,1,1,0,0,3.1,3,31,28,0.903,0,60
620,2015,Anton Forsberg,CAR,4,1,3,0,3.1,9,97,88,0.907,0,178
621,2015,Christopher Gibson,NYI,4,1,1,1,3.4,11,93,82,0.882,0,194
622,2015,Charlie Lindgren,MON,1,1,0,0,2.0,2,28,26,0.929,0,60
623,2015,Dustin Tokarski,PIT,6,1,3,0,3.2,12,98,86,0.878,0,226
624,2015,Peter Budaj,FA,1,1,0,0,3.9,4,28,24,0.857,0,62
625,2015,Chris Driedger,FLA,1,0,0,0,0.0,0,11,11,1.0,0,32
626,2015,Niklas Treutle,FA,2,0,1,0,6.2,5,20,15,0.75,0,50
627,2015,Roman Will,FA,1,0,0,0,3.3,1,3,2,0.667,0,18
628,2015,Kristers Gudlevskis,FA,1,0,0,1,1.0,1,32,31,0.9690000000000001,0,60
629,2015,Michael Leighton,FA,1,0,0,0,1.5,1,17,16,0.941,0,39
630,2015,Jason Kasdorf,FA,1,0,1,0,4.0,4,30,26,0.867,0,60
631,2015,Magnus Hellberg,FA,1,0,0,0,6.0,2,6,4,0.667,0,20
632,2015,Laurent Brossoit,WPG,5,0,4,1,3.6,18,142,124,0.873,0,300
633,2015,Jordan Binnington,STL,1,0,0,0,5.0,1,4,3,0.75,0,13
634,2015,Juuse Saros,NSH,1,0,1,0,3.1,3,23,20,0.87,0,58
635,2015,Pheonix Copley,WAS,1,0,0,0,2.5,1,6,5,0.833,0,24
636,2015,Matt O'Connor,FA,1,0,1,0,3.1,3,34,31,0.912,0,58
637,2015,Yann Danis,MON,2,0,1,0,4.9,4,18,14,0.778,0,51
638,2018,Andrei Vasilevskiy,TB,53,39,10,4,2.4,128,1713,1585,0.925,6,3204
639,2018,Sergei Bobrovsky,FLA,62,37,24,1,2.6,153,1756,1603,0.9129999999999999,9,3557
640,2018,Martin Jones,SJ,62,36,19,5,3.0,176,1699,1523,0.8959999999999999,3,3597
641,2018,Frederik Andersen,TOR,60,36,16,7,2.8,162,1958,1796,0.917,1,3510
642,2018,Marc-Andre Fleury,VGK,61,35,21,5,2.5,152,1745,1593,0.9129999999999999,8,3635
643,2018,Carey Price,MON,66,35,24,6,2.5,161,1952,1791,0.9179999999999999,4,3880
644,2018,Connor Hellebuyck,WPG,63,34,23,3,2.9,179,2051,1872,0.9129999999999999,2,3704
645,2018,Braden Holtby,WAS,59,32,19,5,2.8,160,1795,1635,0.9109999999999999,3,3407
646,2018,Devan Dubnyk,MIN,67,31,28,6,2.6,163,1877,1714,0.9129999999999999,2,3855
647,2018,Pekka Rinne,NSH,56,30,19,4,2.4,130,1581,1451,0.9179999999999999,4,3220
648,2018,Matt Murray,PIT,50,29,14,6,2.7,129,1594,1465,0.919,4,2880
649,2018,Jacob Markstrom,VAN,60,28,23,9,2.8,166,1896,1730,0.912,1,3599
650,2018,David Rittich,CGY,45,27,9,5,2.6,109,1228,1119,0.9109999999999999,1,2503
651,2018,Tuukka Rask,BOS,46,27,13,5,2.5,109,1245,1136,0.912,4,2635
652,2018,Darcy Kuemper,ARI,55,27,20,8,2.3,126,1677,1551,0.925,5,3251
653,2018,Ben Bishop,DAL,46,27,15,2,2.0,87,1323,1236,0.934,7,2637
654,2018,John Gibson,ANH,58,26,22,8,2.9,153,1838,1685,0.917,2,3233
655,2018,Mikko Koskinen,EDM,55,25,21,6,3.0,146,1551,1405,0.9059999999999999,4,2992
656,2018,Robin Lehner,VGK,46,25,13,5,2.1,93,1323,1230,0.93,6,2616
657,2018,Jordan Binnington,STL,32,24,5,1,1.9,59,807,748,0.927,5,1876
658,2018,Jimmy Howard,DET,55,23,22,5,3.1,156,1709,1553,0.909,0,3053
659,2018,Thomas Greiss,NYI,43,23,14,2,2.3,87,1185,1098,0.927,5,2294
660,2018,Mike Smith,EDM,42,23,16,2,2.7,109,1069,960,0.898,2,2400
661,2018,Petr Mrazek,CAR,40,23,14,3,2.4,95,1104,1009,0.914,4,2387
662,2018,Jaroslav Halak,BOS,40,22,11,4,2.4,90,1158,1068,0.922,5,2308
663,2018,Louis Domingue,VAN,26,21,5,0,2.9,75,812,737,0.9079999999999999,0,1561
664,2018,Curtis McElhinney,TB,33,20,11,2,2.6,85,968,883,0.912,2,1978
665,2018,Semyon Varlamov,NYI,49,20,19,9,2.9,136,1496,1360,0.909,2,2839
666,2018,Jake Allen,STL,46,19,17,8,2.8,121,1277,1156,0.905,3,2568
667,2018,Carter Hutton,BUF,50,18,25,5,3.0,142,1541,1399,0.9079999999999999,0,2840
668,2018,Henrik Lundqvist,NYR,52,18,23,10,3.1,158,1699,1541,0.907,0,3089
669,2018,Philipp Grubauer,COL,37,18,9,5,2.7,89,1071,982,0.917,3,2021
670,2018,Roberto Luongo,FA,43,18,16,5,3.1,122,1205,1083,0.899,1,2347
671,2018,Craig Anderson,OTT,50,17,27,4,3.5,163,1676,1513,0.903,2,2785
672,2018,Juuse Saros,NSH,31,17,10,2,2.6,74,870,796,0.915,3,1696
673,2018,Pheonix Copley,WAS,27,16,7,3,2.9,74,776,702,0.905,1,1529
674,2018,Carter Hart,PHI,31,16,13,1,2.9,81,976,895,0.917,0,1717
675,2018,Anton Khudobin,DAL,41,16,17,5,2.6,95,1232,1137,0.9229999999999999,2,2220
676,2018,Jonathan Quick,LA,46,16,23,7,3.4,149,1329,1180,0.888,2,2648
677,2018,Cam Ward,FA,33,16,12,4,3.7,115,1113,998,0.897,0,1882
678,2018,Keith Kinkaid,MON,41,15,18,6,3.4,129,1188,1059,0.8909999999999999,3,2302
679,2018,Linus Ullmark,BUF,37,15,14,5,3.1,109,1146,1037,0.905,2,2102
680,2018,Casey DeSmith,PIT,36,15,11,5,2.8,89,1060,971,0.9159999999999999,3,1944
681,2018,Anders Nilsson,OTT,36,14,19,1,3.0,101,1098,997,0.9079999999999999,2,2040
682,2018,Corey Crawford,CHI,39,14,18,5,2.9,108,1176,1068,0.9079999999999999,2,2213
683,2018,Alexandar Georgiev,NYR,33,14,13,4,2.9,91,1057,966,0.914,2,1874
684,2018,James Reimer,CAR,36,13,12,5,3.1,93,929,836,0.9,0,1805
685,2018,Laurent Brossoit,WPG,21,13,6,2,2.5,49,652,603,0.925,1,1165
686,2018,Brian Elliott,PHI,26,11,11,1,3.0,69,741,672,0.907,1,1397
687,2018,Cam Talbot,CGY,35,11,17,3,3.4,108,997,889,0.892,1,1905
688,2018,Joonas Korpisalo,CLS,27,10,7,3,3.0,67,651,584,0.897,0,1361
689,2018,Jack Campbell,TOR,31,10,14,1,2.3,61,845,784,0.9279999999999999,2,1593
690,2018,MacKenzie Blackwood,NJ,23,10,10,0,2.6,55,669,614,0.9179999999999999,2,1264
691,2018,Aaron Dell,SJ,25,10,8,4,3.2,70,613,543,0.8859999999999999,2,1323
692,2018,Jonathan Bernier,DET,35,9,18,5,3.2,98,1025,927,0.904,1,1860
693,2018,Ryan Miller,ANH,20,8,7,2,2.8,51,578,527,0.912,1,1109
694,2018,Garret Sparks,VGK,20,8,9,1,3.2,58,592,534,0.902,1,1105
695,2018,Malcolm Subban,CHI,21,8,10,2,3.0,60,612,552,0.902,1,1227
696,2018,Antti Niemi,FA,17,8,6,2,3.8,61,539,478,0.887,0,969
697,2018,Adin Hill,ARI,13,7,5,0,2.8,32,322,290,0.9009999999999999,1,696
698,2018,Alex Stalock,MIN,21,6,8,3,3.0,53,525,472,0.899,0,1065
699,2018,Cory Schneider,NJ,26,6,13,4,3.1,70,718,648,0.903,1,1372
700,2018,Collin Delia,CHI,16,6,4,3,3.6,50,545,495,0.9079999999999999,0,831
701,2018,Antti Raanta,ARI,12,5,6,0,2.9,33,351,318,0.9059999999999999,0,687
702,2018,Cal Petersen,LA,11,5,4,1,2.6,27,355,328,0.924,1,622
703,2018,Samuel Montembeault,FLA,11,4,3,2,3.1,30,282,252,0.894,0,591
704,2018,Anthony Stolarz,ANH,18,4,5,3,3.5,50,503,453,0.9009999999999999,1,868
705,2018,Calvin Pickard,DET,17,4,6,2,3.9,48,384,336,0.875,1,747
706,2018,Thatcher Demko,VAN,9,4,3,1,2.8,25,288,263,0.9129999999999999,0,534
707,2018,Michael Hutchinson,COL,9,3,4,2,3.3,27,239,212,0.887,1,496
708,2018,Chad Johnson,FA,19,2,11,0,3.7,49,406,357,0.879,1,810
709,2018,Edward Pasquale,FA,3,2,1,0,4.0,12,102,90,0.882,0,182
710,2018,Scott Darling,FA,8,2,4,2,3.4,27,233,206,0.884,0,486
711,2018,Mike McKenna,FA,11,1,5,1,4.0,34,316,282,0.892,0,511
712,2018,Michal Neuvirth,FA,7,1,4,1,4.3,26,184,158,0.8590000000000001,0,366
713,2018,Alex Nedeljkovic,CAR,1,1,0,0,2.0,2,26,24,0.9229999999999999,0,60
714,2018,Charlie Lindgren,MON,1,1,0,0,4.6,5,49,44,0.898,0,65
715,2018,Kevin Boyle,ANH,5,1,3,0,2.2,10,139,129,0.9279999999999999,1,277
716,2018,Eric Comrie,WPG,1,0,1,0,5.1,5,28,23,0.821,0,60
717,2018,Pavel Francouz,COL,2,0,2,0,2.0,2,35,33,0.943,0,61
718,2018,Tristan Jarry,PIT,2,0,1,1,3.5,7,62,55,0.887,0,120
719,2018,Peter Budaj,FA,3,0,1,0,5.1,6,33,27,0.818,0,72
720,2018,Joey Daccord,OTT,1,0,1,0,5.0,5,40,35,0.875,0,60
721,2018,Marcus Hogberg,OTT,4,0,2,1,4.1,14,121,107,0.884,0,206
722,2018,Richard Bachman,VAN,1,0,1,0,6.0,6,29,23,0.7929999999999999,0,60
723,2018,Max Lagace,BOS,1,0,1,0,4.1,4,31,27,0.871,0,60
724,2018,Landon Bow,DAL,2,0,0,0,1.0,1,19,18,0.9470000000000001,0,58
725,2018,Christopher Gibson,NYI,2,0,0,0,1.5,1,17,16,0.941,0,40
726,2018,Kaden Fulcher,DET,1,0,0,0,4.4,2,11,9,0.818,0,27
727,2018,Mike Condon,TB,2,0,2,0,6.5,8,40,32,0.8,0,75
728,2018,Hunter Miska,COL,1,0,0,0,3.3,1,9,8,0.889,0,18
729,2018,Michael DiPietro,VAN,1,0,1,0,7.0,7,24,17,0.708,0,60
730,2018,Alex Lyon,PHI,2,0,1,0,5.1,6,31,25,0.8059999999999999,0,71
731,2012,Antti Niemi,FA,43,24,12,6,2.2,93,1220,1127,0.924,4,2581
732,2012,Henrik Lundqvist,NYR,43,24,16,3,2.1,88,1190,1102,0.9259999999999999,2,2575
733,2012,Niklas Backstrom,FA,42,24,15,3,2.5,98,1072,974,0.909,2,2368
734,2012,Braden Holtby,WAS,36,23,12,1,2.6,90,1123,1033,0.92,4,2089
735,2012,Marc-Andre Fleury,VGK,33,23,8,0,2.4,74,881,807,0.9159999999999999,1,1858
736,2012,Evgeni Nabokov,FA,41,23,11,7,2.5,103,1139,1036,0.91,3,2475
737,2012,Carey Price,MON,39,21,13,4,2.6,97,1018,921,0.905,3,2249
738,2012,Jimmy Howard,DET,42,21,13,7,2.2,87,1129,1042,0.9229999999999999,5,2446
739,2012,Sergei Bobrovsky,FLA,38,21,11,6,2.0,74,1084,1010,0.932,4,2219
740,2012,Ondrej Pavelec,FA,44,21,20,3,2.8,119,1251,1132,0.905,0,2553
741,2012,Tuukka Rask,BOS,36,19,10,5,2.0,70,980,910,0.929,5,2104
742,2012,James Reimer,CAR,33,19,8,5,2.5,76,995,919,0.924,4,1856
743,2012,Corey Crawford,CHI,30,19,5,5,2.0,57,769,712,0.9259999999999999,3,1761
744,2012,Ilya Bryzgalov,FA,40,19,17,3,2.8,107,1066,959,0.9,1,2298
745,2012,Jonathan Quick,LA,37,18,13,4,2.5,87,889,802,0.902,1,2134
746,2012,Ryan Miller,ANH,40,17,17,5,2.8,108,1270,1162,0.915,0,2302
747,2012,Ray Emery,FA,21,17,1,0,1.9,36,460,424,0.922,3,1116
748,2012,Cory Schneider,NJ,30,17,9,4,2.1,61,835,774,0.927,5,1733
749,2012,Kari Lehtonen,FA,36,15,14,3,2.7,88,1050,962,0.9159999999999999,1,1986
750,2012,Mike Smith,EDM,34,15,12,5,2.6,84,938,854,0.91,5,1956
751,2012,Pekka Rinne,NSH,43,15,16,8,2.4,99,1101,1002,0.91,5,2444
752,2012,Viktor Fasth,FA,25,15,6,2,2.2,52,661,609,0.9209999999999999,4,1428
753,2012,Jonas Hiller,FA,26,15,6,4,2.4,59,675,616,0.9129999999999999,1,1498
754,2012,Brian Elliott,PHI,24,14,8,1,2.3,49,526,477,0.907,3,1292
755,2012,Devan Dubnyk,MIN,38,14,16,6,2.6,90,1132,1042,0.92,2,2101
756,2012,Martin Brodeur,FA,29,13,9,7,2.2,65,654,589,0.9009999999999999,2,1757
757,2012,Tomas Vokoun,FA,20,13,4,0,2.5,42,519,477,0.919,3,1029
758,2012,Craig Anderson,OTT,24,12,9,2,1.7,40,677,637,0.941,3,1421
759,2012,Ben Bishop,DAL,22,11,9,1,2.7,56,701,645,0.92,2,1261
760,2012,Semyon Varlamov,NYI,35,11,21,3,3.0,98,1007,909,0.903,3,1950
761,2012,Anders Lindback,FA,24,10,10,1,2.9,63,642,579,0.902,0,1304
762,2012,Roberto Luongo,FA,20,9,6,3,2.6,51,551,500,0.907,2,1197
763,2012,Jonathan Bernier,DET,14,9,3,1,1.9,24,306,282,0.922,1,768
764,2012,Anton Khudobin,DAL,14,9,4,1,2.3,31,388,357,0.92,1,803
765,2012,Jake Allen,STL,15,9,4,0,2.5,33,346,313,0.905,1,804
766,2012,Cam Ward,FA,17,9,6,1,2.9,44,477,433,0.9079999999999999,0,929
767,2012,Miikka Kiprusoff,FA,24,8,14,2,3.5,77,650,573,0.882,0,1344
768,2012,Jacob Markstrom,VAN,23,8,14,1,3.2,68,685,617,0.9009999999999999,0,1266
769,2012,Joey MacDonald,FA,21,8,9,1,2.9,55,562,507,0.902,0,1148
770,2012,Peter Budaj,FA,13,8,1,1,2.3,25,273,248,0.9079999999999999,1,656
771,2012,Steve Mason,FA,20,7,8,1,2.6,47,561,514,0.9159999999999999,0,1090
772,2012,Ben Scrivens,FA,20,7,9,0,2.7,46,542,496,0.915,2,1025
773,2012,Dan Ellis,FA,19,6,8,2,3.1,52,555,503,0.9059999999999999,1,997
774,2012,Johan Hedberg,FA,19,6,10,3,2.8,51,435,384,0.883,1,1108
775,2012,Jaroslav Halak,BOS,16,6,5,1,2.2,29,286,257,0.899,3,813
776,2012,Richard Bachman,VAN,13,6,5,0,3.3,33,288,255,0.885,0,609
777,2012,Robin Lehner,VGK,12,5,3,4,2.2,27,424,397,0.9359999999999999,0,735
778,2012,Mathieu Garon,FA,18,5,9,2,2.9,44,427,383,0.897,0,910
779,2012,Jean-Sebastien Giguere,FA,18,5,4,4,2.9,43,469,426,0.9079999999999999,0,908
780,2012,Justin Peters,FA,19,4,11,1,3.5,55,506,451,0.8909999999999999,1,954
781,2012,Jason LaBarbera,FA,15,4,6,2,2.7,32,418,386,0.9229999999999999,0,726
782,2012,Jhonas Enroth,FA,12,4,4,1,2.6,27,332,305,0.919,1,623
783,2012,Jose Theodore,FA,15,4,6,3,3.3,42,391,349,0.893,0,766
784,2012,Nikolai Khabibulin,FA,12,4,6,1,2.6,29,376,347,0.9229999999999999,1,684
785,2012,Michal Neuvirth,FA,13,4,5,2,2.8,33,367,334,0.91,0,723
786,2012,Al Montoya,FA,7,3,1,0,2.9,17,168,151,0.899,1,351
787,2012,Scott Clemmensen,FA,19,3,7,2,3.7,53,421,368,0.8740000000000001,0,866
788,2012,Jonas Gustavsson,FA,7,2,2,1,2.9,17,140,123,0.879,0,349
789,2012,Leland Irving,FA,6,2,1,1,3.3,15,128,113,0.883,0,270
790,2012,Chad Johnson,FA,4,2,0,2,1.2,5,108,103,0.9540000000000001,1,247
791,2012,Martin Biron,FA,6,2,2,1,2.3,13,156,143,0.917,0,336
792,2012,Kevin Poulin,FA,5,1,3,0,3.0,13,122,109,0.893,0,258
793,2012,Josh Harding,FA,5,1,1,0,3.3,10,73,63,0.863,1,185
794,2012,Darcy Kuemper,ARI,6,1,2,0,2.1,10,119,109,0.9159999999999999,0,288
795,2012,Cristopher Nilstorp,FA,5,1,3,1,3.1,15,146,131,0.897,0,291
796,2012,Chris Mason,FA,11,1,7,1,3.8,29,229,200,0.873,0,467
797,2012,Yann Danis,MON,3,1,0,0,3.8,7,59,52,0.8809999999999999,0,110
798,2012,Petr Mrazek,CAR,2,1,1,0,2.0,4,51,47,0.922,0,119
799,2012,Daniel Taylor,FA,2,1,1,0,3.0,6,68,62,0.912,0,120
800,2012,Thomas Greiss,NYI,6,1,4,0,2.5,13,153,140,0.915,1,308
801,2012,Philipp Grubauer,COL,2,0,1,0,3.6,5,59,54,0.915,0,84
802,2012,Brian Boucher,PHI,4,0,2,0,2.5,6,55,49,0.8909999999999999,0,144
803,2012,Rick DiPietro,FA,3,0,3,0,4.1,12,83,71,0.855,0,176
804,2012,Matt Hackett,FA,1,0,1,0,5.1,5,33,28,0.848,0,59
805,2012,Jussi Rynnas,FA,1,0,0,0,0.0,0,6,6,1.0,0,10
806,2012,Sami Aittokallio,FA,1,0,0,0,2.4,2,25,23,0.92,0,49
807,2012,Keith Kinkaid,MON,1,0,0,0,2.4,1,13,12,0.9229999999999999,0,26
808,2012,Alex Stalock,MIN,2,0,0,1,2.9,2,13,11,0.846,0,42
809,2012,Jeff Frazee,FA,1,0,0,0,0.0,0,3,3,1.0,0,19
810,2012,Carter Hutton,BUF,1,0,1,0,3.1,3,28,25,0.893,0,59
811,2012,Cedrick Desjardins,FA,3,0,3,0,3.0,8,73,65,0.89,0,160
812,2012,Michael Leighton,FA,1,0,1,0,5.1,5,26,21,0.8079999999999999,0,59
813,2017,Connor Hellebuyck,WPG,67,44,11,9,2.4,156,2048,1892,0.924,6,3966
814,2017,Andrei Vasilevskiy,TB,65,44,17,3,2.6,167,2075,1908,0.92,8,3825
815,2017,Pekka Rinne,NSH,59,42,13,4,2.3,134,1840,1706,0.927,8,3475
816,2017,Frederik Andersen,TOR,66,38,21,5,2.8,182,2211,2029,0.9179999999999999,5,3889
817,2017,Sergei Bobrovsky,FLA,65,37,22,6,2.4,158,1993,1835,0.9209999999999999,5,3912
818,2017,Devan Dubnyk,MIN,60,35,16,7,2.5,145,1769,1624,0.9179999999999999,5,3450
819,2017,Braden Holtby,WAS,54,34,16,4,3.0,153,1648,1495,0.907,0,3068
820,2017,Tuukka Rask,BOS,54,34,14,5,2.4,125,1513,1388,0.917,3,3173
821,2017,Jonathan Quick,LA,64,33,28,3,2.4,147,1867,1720,0.9209999999999999,5,3677
822,2017,John Gibson,ANH,60,31,18,7,2.4,139,1872,1733,0.9259999999999999,4,3428
823,2017,Cam Talbot,CGY,67,31,31,3,3.0,188,2036,1848,0.9079999999999999,1,3730
824,2017,Martin Jones,SJ,60,30,22,6,2.6,145,1699,1554,0.915,4,3416
825,2017,Marc-Andre Fleury,VGK,46,29,13,4,2.3,100,1376,1276,0.927,4,2673
826,2017,Matt Murray,PIT,49,27,16,3,2.9,133,1423,1290,0.907,1,2733
827,2017,Jake Allen,STL,59,27,25,3,2.8,152,1614,1462,0.9059999999999999,1,3317
828,2017,Ben Bishop,DAL,53,26,17,5,2.5,120,1437,1317,0.9159999999999999,5,2887
829,2017,Keith Kinkaid,MON,41,26,10,3,2.8,106,1214,1108,0.9129999999999999,1,2298
830,2017,Henrik Lundqvist,NYR,63,26,26,7,3.0,174,2036,1862,0.915,2,3503
831,2017,Mike Smith,EDM,55,25,22,6,2.7,141,1686,1545,0.9159999999999999,3,3191
832,2017,Semyon Varlamov,NYI,51,24,16,6,2.7,128,1595,1467,0.92,2,2861
833,2017,Cam Ward,FA,43,23,14,4,2.8,112,1187,1075,0.9059999999999999,2,2459
834,2017,Craig Anderson,OTT,58,23,25,6,3.3,180,1768,1588,0.898,2,3251
835,2017,Jacob Markstrom,VAN,60,23,26,7,2.7,154,1745,1591,0.912,2,3414
836,2017,Brian Elliott,PHI,43,23,11,7,2.7,112,1228,1116,0.909,1,2522
837,2017,James Reimer,CAR,44,22,14,6,3.0,120,1373,1253,0.9129999999999999,4,2411
838,2017,Jimmy Howard,DET,60,22,27,9,2.9,160,1770,1610,0.91,1,3368
839,2017,Antti Raanta,ARI,47,21,17,6,2.3,97,1388,1291,0.93,3,2599
840,2017,Jaroslav Halak,BOS,54,20,26,6,3.2,161,1744,1583,0.9079999999999999,1,3024
841,2017,Jonathan Bernier,DET,37,19,13,3,2.9,95,1092,997,0.9129999999999999,2,2001
842,2017,Roberto Luongo,FA,35,18,11,2,2.5,81,1143,1062,0.929,3,1966
843,2017,Carter Hutton,BUF,32,17,7,3,2.1,56,810,754,0.9309999999999999,3,1610
844,2017,Cory Schneider,NJ,40,17,16,6,2.9,114,1228,1114,0.907,1,2332
845,2017,Anton Khudobin,DAL,31,16,6,7,2.6,76,876,800,0.9129999999999999,1,1781
846,2017,Corey Crawford,CHI,28,16,9,2,2.3,60,842,782,0.929,2,1584
847,2017,Carey Price,MON,49,16,26,7,3.1,148,1487,1339,0.9,1,2855
848,2017,Aaron Dell,SJ,29,15,5,4,2.7,67,775,708,0.914,2,1522
849,2017,Philipp Grubauer,COL,35,15,10,3,2.4,73,953,880,0.9229999999999999,3,1865
850,2017,Kari Lehtonen,FA,37,15,14,3,2.6,83,946,863,0.912,1,1944
851,2017,Tristan Jarry,PIT,26,14,6,2,2.8,63,687,624,0.9079999999999999,2,1364
852,2017,Robin Lehner,VGK,53,14,26,9,3.0,143,1560,1417,0.9079999999999999,3,2852
853,2017,Petr Mrazek,CAR,39,14,13,6,3.1,106,1080,974,0.902,4,2097
854,2017,Thomas Greiss,NYI,27,13,8,2,3.9,95,879,784,0.892,1,1492
855,2017,Malcolm Subban,CHI,22,13,4,2,2.7,55,614,559,0.91,0,1230
856,2017,Scott Darling,FA,43,13,21,7,3.2,131,1171,1040,0.888,0,2475
857,2017,Darcy Kuemper,ARI,29,12,7,5,2.5,67,833,766,0.92,4,1596
858,2017,Ryan Miller,ANH,28,12,6,6,2.4,53,739,686,0.9279999999999999,4,1353
859,2017,Juuse Saros,NSH,26,11,5,7,2.5,61,810,749,0.925,3,1497
860,2017,Curtis McElhinney,TB,18,11,5,1,2.2,35,528,493,0.934,3,979
861,2017,Alex Stalock,MIN,28,10,10,4,2.9,71,787,716,0.91,1,1495
862,2017,Chad Johnson,FA,36,10,16,3,3.6,105,962,857,0.8909999999999999,0,1774
863,2017,Anton Forsberg,CAR,35,10,16,4,3.0,85,921,836,0.9079999999999999,0,1715
864,2017,Michal Neuvirth,FA,22,9,7,3,2.6,45,530,485,0.915,1,1039
865,2017,Joonas Korpisalo,CLS,18,8,8,1,3.3,58,564,506,0.897,0,1049
866,2017,David Rittich,CGY,21,8,6,3,2.9,49,512,463,0.904,0,1008
867,2017,Antti Niemi,FA,24,7,9,4,3.1,63,710,647,0.9109999999999999,1,1213
868,2017,Anders Nilsson,OTT,27,7,14,4,3.5,84,850,766,0.9009999999999999,2,1464
869,2017,Louis Domingue,VAN,19,7,9,1,3.4,61,578,517,0.894,0,1074
870,2017,Max Lagace,BOS,16,6,7,1,3.9,57,430,373,0.867,0,874
871,2017,Casey DeSmith,PIT,14,6,4,1,2.4,28,356,328,0.9209999999999999,1,700
872,2017,Steve Mason,FA,13,5,6,1,3.3,37,392,355,0.9059999999999999,1,685
873,2017,Scott Wedgewood,TB,20,5,9,4,3.5,63,587,524,0.893,1,1097
874,2017,Mike Condon,TB,31,5,17,5,3.3,88,898,810,0.902,0,1626
875,2017,Alexandar Georgiev,NYR,10,4,4,1,3.2,27,331,304,0.9179999999999999,0,515
876,2017,Harri Sateri,FA,9,4,4,0,2.9,24,271,247,0.9109999999999999,0,493
877,2017,Ondrej Pavelec,FA,19,4,9,1,3.1,46,510,464,0.91,1,904
878,2017,Charlie Lindgren,MON,14,4,8,2,3.0,42,457,415,0.9079999999999999,2,833
879,2017,Al Montoya,FA,13,4,3,2,3.2,37,346,309,0.893,0,692
880,2017,Alex Lyon,PHI,11,4,2,1,2.8,22,232,210,0.905,0,480
881,2017,Oscar Dansk,VGK,4,3,0,0,1.8,5,93,88,0.946,1,169
882,2017,Jon Gillies,CGY,11,3,5,1,2.9,29,280,251,0.8959999999999999,0,605
883,2017,Laurent Brossoit,WPG,14,3,7,1,3.3,40,343,303,0.883,0,740
884,2017,Jeff Glass,ANH,15,3,7,3,3.4,46,452,406,0.898,0,821
885,2017,Jean-Francois Berube,NYR,13,3,6,1,3.8,42,398,356,0.894,0,667
886,2017,Peter Budaj,FA,8,3,3,1,3.8,27,217,190,0.8759999999999999,0,430
887,2017,Christopher Gibson,NYI,8,2,3,2,3.7,26,284,258,0.9079999999999999,0,427
888,2017,Michael Hutchinson,COL,3,2,1,0,3.3,7,75,68,0.907,0,129
889,2017,Eddie Lack,FA,8,2,4,0,4.1,23,177,154,0.87,0,344
890,2017,Jack Campbell,TOR,5,2,0,2,2.5,11,145,134,0.924,0,267
891,2017,Reto Berra,FA,5,1,1,0,2.4,7,95,88,0.9259999999999999,0,182
892,2017,Thatcher Demko,VAN,1,1,0,0,3.9,4,30,26,0.867,0,61
893,2017,Mike McKenna,FA,2,1,1,0,3.0,5,50,45,0.9,0,101
894,2017,Eric Comrie,WPG,3,1,2,0,4.0,12,94,82,0.872,0,180
895,2017,Linus Ullmark,BUF,5,1,2,0,2.0,8,123,115,0.935,0,240
896,2017,Collin Delia,CHI,2,1,1,0,4.0,7,63,56,0.889,0,106
897,2017,Adin Hill,ARI,4,1,3,0,3.5,14,129,115,0.8909999999999999,0,241
898,2017,Ken Appleby,NSH,3,0,1,0,1.5,3,55,52,0.945,0,124
899,2017,Marek Langhamer,ARI,1,0,0,0,0.0,0,10,10,1.0,0,29
900,2017,Calvin Pickard,DET,1,0,0,1,3.9,4,28,24,0.857,0,63
901,2017,Dylan Ferguson,VGK,1,0,0,0,6.7,1,2,1,0.5,0,9
902,2017,Daniel Taylor,FA,1,0,1,0,4.1,4,34,30,0.882,0,58
903,2017,Jared Coreau,NYI,7,0,5,1,4.3,27,203,176,0.867,0,380
904,2017,Brandon Halverson,TOR,1,0,0,0,5.0,1,6,5,0.833,0,13
905,2017,Andrew Hammond,BUF,2,0,1,0,2.1,2,33,31,0.9390000000000001,0,59
906,2017,Adam Wilcox,STL,1,0,1,0,0.0,0,14,14,1.0,0,39
